44;Guyane-Parcnational.fr;http://guyane-parcnational.fr http://www.guyane-parcnational.fr https://guyane-parcnational.fr https://www.guyane-parcnational.fr;
1;Portcros-Parcnational.fr;http://portcros-parcnational.fr http://www.portcros-parcnational.fr https://portcros-parcnational.fr https://www.portcros-parcnational.fr;83406
2;Portcrosparcnational.fr;http://portcrosparcnational.fr http://www.portcrosparcnational.fr https://portcrosparcnational.fr https://www.portcrosparcnational.fr;83406
59;Parcnational.fr;http://parcnational.fr http://www.parcnational.fr https://parcnational.fr https://www.parcnational.fr;34470
58;Mercantour-Parcnational.fr;http://mercantour-parcnational.fr http://www.mercantour-parcnational.fr https://mercantour-parcnational.fr https://www.mercantour-parcnational.fr;
57;Ofb.gouv.fr;http://ofb.gouv.fr http://www.ofb.gouv.fr https://ofb.gouv.fr https://www.ofb.gouv.fr;11000
264;Regionpaca.fr;http://regionpaca.fr http://www.regionpaca.fr https://regionpaca.fr https://www.regionpaca.fr;
3;Parc-Amazonien-Guyane.fr;http://parc-amazonien-guyane.fr http://www.parc-amazonien-guyane.fr https://parc-amazonien-guyane.fr https://www.parc-amazonien-guyane.fr;97354
4;Forets-Parcnational.fr;http://forets-parcnational.fr http://www.forets-parcnational.fr https://forets-parcnational.fr https://www.forets-parcnational.fr;52210
5;Port-Cros-Parcnational.fr;http://port-cros-parcnational.fr http://www.port-cros-parcnational.fr https://port-cros-parcnational.fr https://www.port-cros-parcnational.fr;
8;Parcsnationaux.fr;http://parcsnationaux.fr http://www.parcsnationaux.fr https://parcsnationaux.fr https://www.parcsnationaux.fr;34470
47;Afbiodiversite.fr;http://afbiodiversite.fr http://www.afbiodiversite.fr https://afbiodiversite.fr https://www.afbiodiversite.fr;
11;Pyrenees-Parcnational.fr;http://pyrenees-parcnational.fr http://www.pyrenees-parcnational.fr https://pyrenees-parcnational.fr https://www.pyrenees-parcnational.fr;
12;Cevennes-Parcnational.fr;http://cevennes-parcnational.fr http://www.cevennes-parcnational.fr https://cevennes-parcnational.fr https://www.cevennes-parcnational.fr;48400
13;Guadeloupe-Parcnational.fr;http://guadeloupe-parcnational.fr http://www.guadeloupe-parcnational.fr https://guadeloupe-parcnational.fr https://www.guadeloupe-parcnational.fr;97120
14;Mercantour.eu;http://mercantour.eu http://www.mercantour.eu https://mercantour.eu https://www.mercantour.eu;
70;Espritparcnational.com;http://espritparcnational.com http://www.espritparcnational.com https://espritparcnational.com https://www.espritparcnational.com;
15;Calanques-Parcnational.fr;http://calanques-parcnational.fr http://www.calanques-parcnational.fr https://calanques-parcnational.fr https://www.calanques-parcnational.fr;13008
17;Ecrins-Parcnational.fr;http://ecrins-parcnational.fr http://www.ecrins-parcnational.fr https://ecrins-parcnational.fr https://www.ecrins-parcnational.fr;05000
20;Agence-Francaise-Biodiversite.fr;http://agence-francaise-biodiversite.fr http://www.agence-francaise-biodiversite.fr https://agence-francaise-biodiversite.fr https://www.agence-francaise-biodiversite.fr;
19;Vanoise-Parcnational.fr;http://vanoise-parcnational.fr http://www.vanoise-parcnational.fr https://vanoise-parcnational.fr https://www.vanoise-parcnational.fr;73000
22;Reunion-Parcnational.fr;http://reunion-parcnational.fr http://www.reunion-parcnational.fr https://reunion-parcnational.fr https://www.reunion-parcnational.fr;97431
103;Vanoise.com;http://vanoise.com http://www.vanoise.com https://vanoise.com https://www.vanoise.com;
109;Tourisme-Handicaps.org;http://tourisme-handicaps.org http://www.tourisme-handicaps.org https://tourisme-handicaps.org https://www.tourisme-handicaps.org;75017
110;Espaces-Naturels.fr;http://espaces-naturels.fr http://www.espaces-naturels.fr https://espaces-naturels.fr https://www.espaces-naturels.fr;
121;Agriculture.gouv.fr;http://agriculture.gouv.fr http://www.agriculture.gouv.fr https://agriculture.gouv.fr https://www.agriculture.gouv.fr;30000
124;Ademe.fr;http://ademe.fr http://www.ademe.fr https://ademe.fr https://www.ademe.fr;97600
133;Eklablog.com;http://eklablog.com http://www.eklablog.com https://eklablog.com https://www.eklablog.com;
139;Mountainwilderness.fr;http://mountainwilderness.fr http://www.mountainwilderness.fr https://mountainwilderness.fr https://www.mountainwilderness.fr;
152;Grand-Tour-Ecrins.fr;http://grand-tour-ecrins.fr http://www.grand-tour-ecrins.fr https://grand-tour-ecrins.fr https://www.grand-tour-ecrins.fr;
151;Ffcam.fr;http://ffcam.fr http://www.ffcam.fr https://ffcam.fr https://www.ffcam.fr;
161;Ecologique-Solidaire.gouv.fr;http://ecologique-solidaire.gouv.fr http://www.ecologique-solidaire.gouv.fr https://ecologique-solidaire.gouv.fr https://www.ecologique-solidaire.gouv.fr;
162;Legifrance.gouv.fr;http://legifrance.gouv.fr http://www.legifrance.gouv.fr https://legifrance.gouv.fr https://www.legifrance.gouv.fr;
24;Hyeres-Tourism.co.uk;http://hyeres-tourism.co.uk http://www.hyeres-tourism.co.uk https://hyeres-tourism.co.uk https://www.hyeres-tourism.co.uk;83400
183;Hyeres-Boutique.com;http://hyeres-boutique.com http://www.hyeres-boutique.com https://hyeres-boutique.com https://www.hyeres-boutique.com;83400
187;Geonature.fr;http://geonature.fr http://www.geonature.fr https://geonature.fr https://www.geonature.fr;
190;Parcsetjardins.fr;http://parcsetjardins.fr http://www.parcsetjardins.fr https://parcsetjardins.fr https://www.parcsetjardins.fr;
192;Casinohyeres.com;http://casinohyeres.com http://www.casinohyeres.com https://casinohyeres.com https://www.casinohyeres.com;83400
195;Midi-Festival.com;http://midi-festival.com http://www.midi-festival.com https://midi-festival.com https://www.midi-festival.com;
196;Frejustoulon.fr;http://frejustoulon.fr http://www.frejustoulon.fr https://frejustoulon.fr https://www.frejustoulon.fr;
197;Lpo.fr;http://lpo.fr http://www.lpo.fr https://lpo.fr https://www.lpo.fr;
200;Trailporquerolles.com;http://trailporquerolles.com http://www.trailporquerolles.com https://trailporquerolles.com https://www.trailporquerolles.com;
201;Hka.fr;http://hka.fr http://www.hka.fr https://hka.fr https://www.hka.fr;
191;Metropoletpm.fr;http://metropoletpm.fr http://www.metropoletpm.fr https://metropoletpm.fr https://www.metropoletpm.fr;
202;Heliotel.net;http://heliotel.net http://www.heliotel.net https://heliotel.net https://www.heliotel.net;50000
203;Legambaro.com;http://legambaro.com http://www.legambaro.com https://legambaro.com https://www.legambaro.com;83400
204;Lafourmidulevant.com;http://lafourmidulevant.com http://www.lafourmidulevant.com https://lafourmidulevant.com https://www.lafourmidulevant.com;
205;Chez.com;http://chez.com http://www.chez.com https://chez.com https://www.chez.com;
208;Porquerolles-Location.fr;http://porquerolles-location.fr http://www.porquerolles-location.fr https://porquerolles-location.fr https://www.porquerolles-location.fr;
209;Vnhyeres.fr;http://vnhyeres.fr http://www.vnhyeres.fr https://vnhyeres.fr https://www.vnhyeres.fr;
211;Vacancealamer.com;http://vacancealamer.com http://www.vacancealamer.com https://vacancealamer.com https://www.vacancealamer.com;
224;Campingmauvallon.fr;http://campingmauvallon.fr http://www.campingmauvallon.fr https://campingmauvallon.fr https://www.campingmauvallon.fr;10000
225;Vacances-Passion.org;http://vacances-passion.org http://www.vacances-passion.org https://vacances-passion.org https://www.vacances-passion.org;
226;Mpmtourisme.com;http://mpmtourisme.com http://www.mpmtourisme.com https://mpmtourisme.com https://www.mpmtourisme.com;83250
233;Lesecuriesdolbia.com;http://lesecuriesdolbia.com http://www.lesecuriesdolbia.com https://lesecuriesdolbia.com https://www.lesecuriesdolbia.com;83400
234;Aquafamily.fr;http://aquafamily.fr http://www.aquafamily.fr https://aquafamily.fr https://www.aquafamily.fr;83400
235;Velo-Porquerolles.fr;http://velo-porquerolles.fr http://www.velo-porquerolles.fr https://velo-porquerolles.fr https://www.velo-porquerolles.fr;83400
236;Rosalies-Hyeres.com;http://rosalies-hyeres.com http://www.rosalies-hyeres.com https://rosalies-hyeres.com https://www.rosalies-hyeres.com;
238;Ffrandonnee.fr;http://ffrandonnee.fr http://www.ffrandonnee.fr https://ffrandonnee.fr https://www.ffrandonnee.fr;33400
239;Ignrando.fr;http://ignrando.fr http://www.ignrando.fr https://ignrando.fr https://www.ignrando.fr;77910
25;Visitvar.fr;http://visitvar.fr http://www.visitvar.fr https://visitvar.fr https://www.visitvar.fr;
250;Lindien.fr;http://lindien.fr http://www.lindien.fr https://lindien.fr https://www.lindien.fr;
251;Jag-Yachting-Location.fr;http://jag-yachting-location.fr http://www.jag-yachting-location.fr https://jag-yachting-location.fr https://www.jag-yachting-location.fr;83400
253;Geotrek.fr;http://geotrek.fr http://www.geotrek.fr https://geotrek.fr https://www.geotrek.fr;
255;Toulontourisme.com;http://toulontourisme.com http://www.toulontourisme.com https://toulontourisme.com https://www.toulontourisme.com;83000
257;La-Seyne.fr;http://la-seyne.fr http://www.la-seyne.fr https://la-seyne.fr https://www.la-seyne.fr;
260;Entreprises.gouv.fr;http://entreprises.gouv.fr http://www.entreprises.gouv.fr https://entreprises.gouv.fr https://www.entreprises.gouv.fr;
270;Var.fr;http://var.fr http://www.var.fr https://var.fr https://www.var.fr;
271;Bandoltourisme.fr;http://bandoltourisme.fr http://www.bandoltourisme.fr https://bandoltourisme.fr https://www.bandoltourisme.fr;83150
280;Lacabanedekiddy.com;http://lacabanedekiddy.com http://www.lacabanedekiddy.com https://lacabanedekiddy.com https://www.lacabanedekiddy.com;83400
277;Artdanh.com;http://artdanh.com http://www.artdanh.com https://artdanh.com https://www.artdanh.com;83400
282;Balade-En-Mer-83.fr;http://balade-en-mer-83.fr http://www.balade-en-mer-83.fr https://balade-en-mer-83.fr https://www.balade-en-mer-83.fr;83320
291;Tourismepaca.fr;http://tourismepaca.fr http://www.tourismepaca.fr https://tourismepaca.fr https://www.tourismepaca.fr;
292;Fondation-Patrimoine.org;http://fondation-patrimoine.org http://www.fondation-patrimoine.org https://fondation-patrimoine.org https://www.fondation-patrimoine.org;
300;Tlv-Tvm.com;http://tlv-tvm.com http://www.tlv-tvm.com https://tlv-tvm.com https://www.tlv-tvm.com;
306;Iucn.org;http://iucn.org http://www.iucn.org https://iucn.org https://www.iucn.org;
309;Lesilespaulricard.com;http://lesilespaulricard.com http://www.lesilespaulricard.com https://lesilespaulricard.com https://www.lesilespaulricard.com;83140
310;Aquavillageparc.com;http://aquavillageparc.com http://www.aquavillageparc.com https://aquavillageparc.com https://www.aquavillageparc.com;83400
311;Thalassa.com;http://thalassa.com http://www.thalassa.com https://thalassa.com https://www.thalassa.com;
315;Squashclub4.fr;http://squashclub4.fr http://www.squashclub4.fr https://squashclub4.fr https://www.squashclub4.fr;
318;Kitecenter83.fr;http://kitecenter83.fr http://www.kitecenter83.fr https://kitecenter83.fr https://www.kitecenter83.fr;63000
319;Onf.fr;http://onf.fr http://www.onf.fr https://onf.fr https://www.onf.fr;11500
320;Velo-Porquerolles.com;http://velo-porquerolles.com http://www.velo-porquerolles.com https://velo-porquerolles.com https://www.velo-porquerolles.com;83400
321;Le-Pirate-Porquerolles.com;http://le-pirate-porquerolles.com http://www.le-pirate-porquerolles.com https://le-pirate-porquerolles.com https://www.le-pirate-porquerolles.com;83400
322;Loca-Bikes.com;http://loca-bikes.com http://www.loca-bikes.com https://loca-bikes.com https://www.loca-bikes.com;
333;Bormeslesmimosas.com;http://bormeslesmimosas.com http://www.bormeslesmimosas.com https://bormeslesmimosas.com https://www.bormeslesmimosas.com;83230
337;Aphroditespa.fr;http://aphroditespa.fr http://www.aphroditespa.fr https://aphroditespa.fr https://www.aphroditespa.fr;83400
338;Spacoupole-Hyeres.com;http://spacoupole-hyeres.com http://www.spacoupole-hyeres.com https://spacoupole-hyeres.com https://www.spacoupole-hyeres.com;83400
340;Kiddyparc.com;http://kiddyparc.com http://www.kiddyparc.com https://kiddyparc.com https://www.kiddyparc.com;
27;Forets-Champagne-Bourgogne.fr;http://forets-champagne-bourgogne.fr http://www.forets-champagne-bourgogne.fr https://forets-champagne-bourgogne.fr https://www.forets-champagne-bourgogne.fr;12000
352;Maregionsud.fr;http://maregionsud.fr http://www.maregionsud.fr https://maregionsud.fr https://www.maregionsud.fr;
353;Toulon-Hyeres.aeroport.fr;http://toulon-hyeres.aeroport.fr http://www.toulon-hyeres.aeroport.fr https://toulon-hyeres.aeroport.fr https://www.toulon-hyeres.aeroport.fr;
355;Modernisation.gouv.fr;http://modernisation.gouv.fr http://www.modernisation.gouv.fr https://modernisation.gouv.fr https://www.modernisation.gouv.fr;
361;Hyeres-Marchenordique.fr;http://hyeres-marchenordique.fr http://www.hyeres-marchenordique.fr https://hyeres-marchenordique.fr https://www.hyeres-marchenordique.fr;
362;Velosaporquerolles.com;http://velosaporquerolles.com http://www.velosaporquerolles.com https://velosaporquerolles.com https://www.velosaporquerolles.com;83400
363;Porquerolles-A-Velo.fr;http://porquerolles-a-velo.fr http://www.porquerolles-a-velo.fr https://porquerolles-a-velo.fr https://www.porquerolles-a-velo.fr;83400
364;Spinout.fr;http://spinout.fr http://www.spinout.fr https://spinout.fr https://www.spinout.fr;83400
365;Iych.fr;http://iych.fr http://www.iych.fr https://iych.fr https://www.iych.fr;83400
366;Randonneurshyerois.fr;http://randonneurshyerois.fr http://www.randonneurshyerois.fr https://randonneurshyerois.fr https://www.randonneurshyerois.fr;
368;La-Becane-Porquerolles.fr;http://la-becane-porquerolles.fr http://www.la-becane-porquerolles.fr https://la-becane-porquerolles.fr https://www.la-becane-porquerolles.fr;83400
29;Lepradet-Tourisme.fr;http://lepradet-tourisme.fr http://www.lepradet-tourisme.fr https://lepradet-tourisme.fr https://www.lepradet-tourisme.fr;
369;Porquerollesavelo.com;http://porquerollesavelo.com http://www.porquerollesavelo.com https://porquerollesavelo.com https://www.porquerollesavelo.com;
377;Amotos.fr;http://amotos.fr http://www.amotos.fr https://amotos.fr https://www.amotos.fr;83400
378;Rosalieandco.com;http://rosalieandco.com http://www.rosalieandco.com https://rosalieandco.com https://www.rosalieandco.com;83400
379;Kraken-Sports-Nautiques.com;http://kraken-sports-nautiques.com http://www.kraken-sports-nautiques.com https://kraken-sports-nautiques.com https://www.kraken-sports-nautiques.com;
394;Restaurantlachanterelle.fr;http://restaurantlachanterelle.fr http://www.restaurantlachanterelle.fr https://restaurantlachanterelle.fr https://www.restaurantlachanterelle.fr;83220
395;Naturellebalade.com;http://naturellebalade.com http://www.naturellebalade.com https://naturellebalade.com https://www.naturellebalade.com;
396;Clubkayaklepradet.fr;http://clubkayaklepradet.fr http://www.clubkayaklepradet.fr https://clubkayaklepradet.fr https://www.clubkayaklepradet.fr;83220
404;Plongee-Var.fr;http://plongee-var.fr http://www.plongee-var.fr https://plongee-var.fr https://www.plongee-var.fr;83220
406;Domainedelanavicelle.com;http://domainedelanavicelle.com http://www.domainedelanavicelle.com https://domainedelanavicelle.com https://www.domainedelanavicelle.com;
410;Jimdo.com;http://jimdo.com http://www.jimdo.com https://jimdo.com https://www.jimdo.com;
416;Camping-Hermitage.com;http://camping-hermitage.com http://www.camping-hermitage.com https://camping-hermitage.com https://www.camping-hermitage.com;83220
417;Campingloupantai.com;http://campingloupantai.com http://www.campingloupantai.com https://campingloupantai.com https://www.campingloupantai.com;38000
419;Lesecuriesdelacibonne.com;http://lesecuriesdelacibonne.com http://www.lesecuriesdelacibonne.com https://lesecuriesdelacibonne.com https://www.lesecuriesdelacibonne.com;83220
420;Le-Pradet.fr;http://le-pradet.fr http://www.le-pradet.fr https://le-pradet.fr https://www.le-pradet.fr;83220
422;Capgaronne.com;http://capgaronne.com http://www.capgaronne.com https://capgaronne.com https://www.capgaronne.com;
423;Pradet-Vacances.com;http://pradet-vacances.com http://www.pradet-vacances.com https://pradet-vacances.com https://www.pradet-vacances.com;
424;Campeole.com;http://campeole.com http://www.campeole.com https://campeole.com https://www.campeole.com;
425;Port-Oursinieres.com;http://port-oursinieres.com http://www.port-oursinieres.com https://port-oursinieres.com https://www.port-oursinieres.com;83220
437;Ffem.fr;http://ffem.fr http://www.ffem.fr https://ffem.fr https://www.ffem.fr;
451;Fracpaca.org;http://fracpaca.org http://www.fracpaca.org https://fracpaca.org https://www.fracpaca.org;
453;Aquabulles-Plongee.fr;http://aquabulles-plongee.fr http://www.aquabulles-plongee.fr https://aquabulles-plongee.fr https://www.aquabulles-plongee.fr;83220
471;Labastidedespins.fr;http://labastidedespins.fr http://www.labastidedespins.fr https://labastidedespins.fr https://www.labastidedespins.fr;83220
472;Lacheesecantine.fr;http://lacheesecantine.fr http://www.lacheesecantine.fr https://lacheesecantine.fr https://www.lacheesecantine.fr;
473;Restaurant-Pleinsud.fr;http://restaurant-pleinsud.fr http://www.restaurant-pleinsud.fr https://restaurant-pleinsud.fr https://www.restaurant-pleinsud.fr;
474;Lesamana.fr;http://lesamana.fr http://www.lesamana.fr https://lesamana.fr https://www.lesamana.fr;83220
475;Campingdupindegalle.com;http://campingdupindegalle.com http://www.campingdupindegalle.com https://campingdupindegalle.com https://www.campingdupindegalle.com;83220
477;Villa-Antoine-Lepradet.com;http://villa-antoine-lepradet.com http://www.villa-antoine-lepradet.com https://villa-antoine-lepradet.com https://www.villa-antoine-lepradet.com;83220
481;Sanctuaire-Pelagos.org;http://sanctuaire-pelagos.org http://www.sanctuaire-pelagos.org https://sanctuaire-pelagos.org https://www.sanctuaire-pelagos.org;87500
484;Campingartaudois.com;http://campingartaudois.com http://www.campingartaudois.com https://campingartaudois.com https://www.campingartaudois.com;83220
485;Restaurant-Sushima.com;http://restaurant-sushima.com http://www.restaurant-sushima.com https://restaurant-sushima.com https://www.restaurant-sushima.com;
487;Belambra.fr;http://belambra.fr http://www.belambra.fr https://belambra.fr https://www.belambra.fr;59170
488;Hotel-Escapade.com;http://hotel-escapade.com http://www.hotel-escapade.com https://hotel-escapade.com https://www.hotel-escapade.com;
490;Oursinado.com;http://oursinado.com http://www.oursinado.com https://oursinado.com https://www.oursinado.com;83220
497;Reseaumistral.com;http://reseaumistral.com http://www.reseaumistral.com https://reseaumistral.com https://www.reseaumistral.com;83100
523;Parc-Du-Vercors.fr;http://parc-du-vercors.fr http://www.parc-du-vercors.fr https://parc-du-vercors.fr https://www.parc-du-vercors.fr;
524;Paysdesecrins.com;http://paysdesecrins.com http://www.paysdesecrins.com https://paysdesecrins.com https://www.paysdesecrins.com;
547;Amv83.eu;http://amv83.eu http://www.amv83.eu https://amv83.eu https://www.amv83.eu;83130
548;Lacledutemps.fr;http://lacledutemps.fr http://www.lacledutemps.fr https://lacledutemps.fr https://www.lacledutemps.fr;83400
549;Cinemasolbia.com;http://cinemasolbia.com http://www.cinemasolbia.com https://cinemasolbia.com https://www.cinemasolbia.com;83400
550;Ville-Hyeres.fr;http://ville-hyeres.fr http://www.ville-hyeres.fr https://ville-hyeres.fr https://www.ville-hyeres.fr;
551;Bateau-Porquerolles.fr;http://bateau-porquerolles.fr http://www.bateau-porquerolles.fr https://bateau-porquerolles.fr https://www.bateau-porquerolles.fr;83400
553;Votrechauffeurprive.fr;http://votrechauffeurprive.fr http://www.votrechauffeurprive.fr https://votrechauffeurprive.fr https://www.votrechauffeurprive.fr;
556;Chauffeurdesilesdor.com;http://chauffeurdesilesdor.com http://www.chauffeurdesilesdor.com https://chauffeurdesilesdor.com https://www.chauffeurdesilesdor.com;
557;Govirtuo.com;http://govirtuo.com http://www.govirtuo.com https://govirtuo.com https://www.govirtuo.com;
559;Location-Var-Vacances.com;http://location-var-vacances.com http://www.location-var-vacances.com https://location-var-vacances.com https://www.location-var-vacances.com;
564;Fondationbiodiversite.fr;http://fondationbiodiversite.fr http://www.fondationbiodiversite.fr https://fondationbiodiversite.fr https://www.fondationbiodiversite.fr;12000
569;Tela-Botanica.org;http://tela-botanica.org http://www.tela-botanica.org https://tela-botanica.org https://www.tela-botanica.org;34000
576;Paysdefayence.com;http://paysdefayence.com http://www.paysdefayence.com https://paysdefayence.com https://www.paysdefayence.com;83440
577;Grec-Sud.fr;http://grec-sud.fr http://www.grec-sud.fr https://grec-sud.fr https://www.grec-sud.fr;
581;Azuretpalmiers.fr;http://azuretpalmiers.fr http://www.azuretpalmiers.fr https://azuretpalmiers.fr https://www.azuretpalmiers.fr;
583;Leyoukali.fr;http://leyoukali.fr http://www.leyoukali.fr https://leyoukali.fr https://www.leyoukali.fr;
584;Augrandsud.com;http://augrandsud.com http://www.augrandsud.com https://augrandsud.com https://www.augrandsud.com;83400
585;Chateau-La-Clapiere.com;http://chateau-la-clapiere.com http://www.chateau-la-clapiere.com https://chateau-la-clapiere.com https://www.chateau-la-clapiere.com;
586;Lhc-Vacances.fr;http://lhc-vacances.fr http://www.lhc-vacances.fr https://lhc-vacances.fr https://www.lhc-vacances.fr;
598;Abritel.fr;http://abritel.fr http://www.abritel.fr https://abritel.fr https://www.abritel.fr;
599;Labastide-Decharlotte.fr;http://labastide-decharlotte.fr http://www.labastide-decharlotte.fr https://labastide-decharlotte.fr https://www.labastide-decharlotte.fr;83400
600;Lacigalevaroise.com;http://lacigalevaroise.com http://www.lacigalevaroise.com https://lacigalevaroise.com https://www.lacigalevaroise.com;
602;Pagesperso-Orange.fr;http://pagesperso-orange.fr http://www.pagesperso-orange.fr https://pagesperso-orange.fr https://www.pagesperso-orange.fr;
611;Innovan-Lair.fr;http://innovan-lair.fr http://www.innovan-lair.fr https://innovan-lair.fr https://www.innovan-lair.fr;83400
614;Taxis-Hyeres.com;http://taxis-hyeres.com http://www.taxis-hyeres.com https://taxis-hyeres.com https://www.taxis-hyeres.com;83400
619;Culturecommunication.gouv.fr;http://culturecommunication.gouv.fr http://www.culturecommunication.gouv.fr https://culturecommunication.gouv.fr https://www.culturecommunication.gouv.fr;75001
625;Naturoscope.fr;http://naturoscope.fr http://www.naturoscope.fr https://naturoscope.fr https://www.naturoscope.fr;13390
634;Culture.gouv.fr;http://culture.gouv.fr http://www.culture.gouv.fr https://culture.gouv.fr https://www.culture.gouv.fr;75001
638;Lagrave-Lameije.com;http://lagrave-lameije.com http://www.lagrave-lameije.com https://lagrave-lameije.com https://www.lagrave-lameije.com;
643;Bateaux-Taxi.com;http://bateaux-taxi.com http://www.bateaux-taxi.com https://bateaux-taxi.com https://www.bateaux-taxi.com;
645;Parkingdesiles.com;http://parkingdesiles.com http://www.parkingdesiles.com https://parkingdesiles.com https://www.parkingdesiles.com;83400
646;Budget.fr;http://budget.fr http://www.budget.fr https://budget.fr https://www.budget.fr;
647;Group-Indigo.com;http://group-indigo.com http://www.group-indigo.com https://group-indigo.com https://www.group-indigo.com;23200
648;Ada.fr;http://ada.fr http://www.ada.fr https://ada.fr https://www.ada.fr;
651;Eaurmc.fr;http://eaurmc.fr http://www.eaurmc.fr https://eaurmc.fr https://www.eaurmc.fr;
675;Jourdelanuit.fr;http://jourdelanuit.fr http://www.jourdelanuit.fr https://jourdelanuit.fr https://www.jourdelanuit.fr;
677;La-Provence-Verte.net;http://la-provence-verte.net http://www.la-provence-verte.net https://la-provence-verte.net https://www.la-provence-verte.net;83170
678;Pnr-Saintebaume.fr;http://pnr-saintebaume.fr http://www.pnr-saintebaume.fr https://pnr-saintebaume.fr https://www.pnr-saintebaume.fr;83640
722;Fouques-Bio.com;http://fouques-bio.com http://www.fouques-bio.com https://fouques-bio.com https://www.fouques-bio.com;
726;Esterel-Cotedazur.com;http://esterel-cotedazur.com http://www.esterel-cotedazur.com https://esterel-cotedazur.com https://www.esterel-cotedazur.com;60000
731;Var.gouv.fr;http://var.gouv.fr http://www.var.gouv.fr https://var.gouv.fr https://www.var.gouv.fr;
733;Ecrinsdelabadine.com;http://ecrinsdelabadine.com http://www.ecrinsdelabadine.com https://ecrinsdelabadine.com https://www.ecrinsdelabadine.com;
734;Residence-Lagabiniere.com;http://residence-lagabiniere.com http://www.residence-lagabiniere.com https://residence-lagabiniere.com https://www.residence-lagabiniere.com;83400
735;Instant-Lacapte.com;http://instant-lacapte.com http://www.instant-lacapte.com https://instant-lacapte.com https://www.instant-lacapte.com;60127
736;Sfepm.org;http://sfepm.org http://www.sfepm.org https://sfepm.org https://www.sfepm.org;18000
742;Provence-Alpes-Cotedazur.com;http://provence-alpes-cotedazur.com http://www.provence-alpes-cotedazur.com https://provence-alpes-cotedazur.com https://www.provence-alpes-cotedazur.com;13001
754;Tourisme-Dracenie.com;http://tourisme-dracenie.com http://www.tourisme-dracenie.com https://tourisme-dracenie.com https://www.tourisme-dracenie.com;
778;Art-Et-Vin.net;http://art-et-vin.net http://www.art-et-vin.net https://art-et-vin.net https://www.art-et-vin.net;
779;Villanoailles-Hyeres.com;http://villanoailles-hyeres.com http://www.villanoailles-hyeres.com https://villanoailles-hyeres.com https://www.villanoailles-hyeres.com;83400
789;Gassin.eu;http://gassin.eu http://www.gassin.eu https://gassin.eu https://www.gassin.eu;83580
793;Provencalhotel.com;http://provencalhotel.com http://www.provencalhotel.com https://provencalhotel.com https://www.provencalhotel.com;83400
802;Atout-France.fr;http://atout-france.fr http://www.atout-france.fr https://atout-france.fr https://www.atout-france.fr;35000
804;Cotedazurfrance.fr;http://cotedazurfrance.fr http://www.cotedazurfrance.fr https://cotedazurfrance.fr https://www.cotedazurfrance.fr;40000
815;Activiteez.com;http://activiteez.com http://www.activiteez.com https://activiteez.com https://www.activiteez.com;
817;Baladesdecharlotte.fr;http://baladesdecharlotte.fr http://www.baladesdecharlotte.fr https://baladesdecharlotte.fr https://www.baladesdecharlotte.fr;83160
826;Giens-1900.com;http://giens-1900.com http://www.giens-1900.com https://giens-1900.com https://www.giens-1900.com;
828;Kubilai-Khan-Constellations.com;http://kubilai-khan-constellations.com http://www.kubilai-khan-constellations.com https://kubilai-khan-constellations.com https://www.kubilai-khan-constellations.com;
830;Weezevent.com;http://weezevent.com http://www.weezevent.com https://weezevent.com https://www.weezevent.com;93200
838;Galerie-Marieposcia.fr;http://galerie-marieposcia.fr http://www.galerie-marieposcia.fr https://galerie-marieposcia.fr https://www.galerie-marieposcia.fr;83400
844;Gites-De-France-Var.fr;http://gites-de-france-var.fr http://www.gites-de-france-var.fr https://gites-de-france-var.fr https://www.gites-de-france-var.fr;
845;Clevacances.com;http://clevacances.com http://www.clevacances.com https://clevacances.com https://www.clevacances.com;15000
849;Ramatuelle-Tourisme.com;http://ramatuelle-tourisme.com http://www.ramatuelle-tourisme.com https://ramatuelle-tourisme.com https://www.ramatuelle-tourisme.com;83350
850;Naturefrance.fr;http://naturefrance.fr http://www.naturefrance.fr https://naturefrance.fr https://www.naturefrance.fr;
856;Faune-Paca.org;http://faune-paca.org http://www.faune-paca.org https://faune-paca.org https://www.faune-paca.org;
35;Fondationcarmignac.com;http://fondationcarmignac.com http://www.fondationcarmignac.com https://fondationcarmignac.com https://www.fondationcarmignac.com;
859;Saintcyrsurmer.com;http://saintcyrsurmer.com http://www.saintcyrsurmer.com https://saintcyrsurmer.com https://www.saintcyrsurmer.com;83270
865;Espaces-Naturels.info;http://espaces-naturels.info http://www.espaces-naturels.info https://espaces-naturels.info https://www.espaces-naturels.info;
880;Sainte-Maxime.com;http://sainte-maxime.com http://www.sainte-maxime.com https://sainte-maxime.com https://www.sainte-maxime.com;83120
883;Sciencemag.org;http://sciencemag.org http://www.sciencemag.org https://sciencemag.org https://www.sciencemag.org;
885;Yachtclubporquerolles.fr;http://www.yachtclubporquerolles.fr http://yachtclubporquerolles.fr https://www.yachtclubporquerolles.fr https://yachtclubporquerolles.fr;
886;Hyereswindsurf.org;http://hyereswindsurf.org http://www.hyereswindsurf.org https://hyereswindsurf.org https://www.hyereswindsurf.org;83400
887;Sanary-Tourisme.com;http://sanary-tourisme.com http://www.sanary-tourisme.com https://sanary-tourisme.com https://www.sanary-tourisme.com;83110
916;Reserves-Naturelles.org;http://reserves-naturelles.org http://www.reserves-naturelles.org https://reserves-naturelles.org https://www.reserves-naturelles.org;
923;Lesbonnespuces.com;http://lesbonnespuces.com http://www.lesbonnespuces.com https://lesbonnespuces.com https://www.lesbonnespuces.com;
958;Sudconcerts.net;http://sudconcerts.net http://www.sudconcerts.net https://sudconcerts.net https://www.sudconcerts.net;20000
968;Plongee-Hyeres.com;http://plongee-hyeres.com http://www.plongee-hyeres.com https://plongee-hyeres.com https://www.plongee-hyeres.com;83400
969;Miopalmoplongee.com;http://miopalmoplongee.com http://www.miopalmoplongee.com https://miopalmoplongee.com https://www.miopalmoplongee.com;83240
970;Stephanemifsud.fr;http://stephanemifsud.fr http://www.stephanemifsud.fr https://stephanemifsud.fr https://www.stephanemifsud.fr;83400
971;Ileo-Porquerolles.fr;http://ileo-porquerolles.fr http://www.ileo-porquerolles.fr https://ileo-porquerolles.fr https://www.ileo-porquerolles.fr;
972;Porquerolles-Plongee.com;http://porquerolles-plongee.com http://www.porquerolles-plongee.com https://porquerolles-plongee.com https://www.porquerolles-plongee.com;
973;Hyeres-Plongee.com;http://hyeres-plongee.com http://www.hyeres-plongee.com https://hyeres-plongee.com https://www.hyeres-plongee.com;
975;Cyana-Plongee.com;http://cyana-plongee.com http://www.cyana-plongee.com https://cyana-plongee.com https://www.cyana-plongee.com;83400
976;Tribubulles.fr;http://tribubulles.fr http://www.tribubulles.fr https://tribubulles.fr https://www.tribubulles.fr;75013
977;Plongeeo.com;http://plongeeo.com http://www.plongeeo.com https://plongeeo.com https://www.plongeeo.com;83400
978;Lafeeplongee.fr;http://lafeeplongee.fr http://www.lafeeplongee.fr https://lafeeplongee.fr https://www.lafeeplongee.fr;
979;Gite-De-Plongee-Du-Gapeau.com;http://gite-de-plongee-du-gapeau.com http://www.gite-de-plongee-du-gapeau.com https://gite-de-plongee-du-gapeau.com https://www.gite-de-plongee-du-gapeau.com;
980;Sun-Portcros.com;http://sun-portcros.com http://www.sun-portcros.com https://sun-portcros.com https://www.sun-portcros.com;
981;Espacemer.fr;http://espacemer.fr http://www.espacemer.fr https://espacemer.fr https://www.espacemer.fr;83400
982;Ulysseplongee.fr;http://ulysseplongee.fr http://www.ulysseplongee.fr https://ulysseplongee.fr https://www.ulysseplongee.fr;83400
983;Randomarine.com;http://randomarine.com http://www.randomarine.com https://randomarine.com https://www.randomarine.com;
984;Espace-Apnee.fr;http://espace-apnee.fr http://www.espace-apnee.fr https://espace-apnee.fr https://www.espace-apnee.fr;83400
987;Villa-Carmignac.com;http://villa-carmignac.com http://www.villa-carmignac.com https://villa-carmignac.com https://www.villa-carmignac.com;
990;Isere.fr;http://isere.fr http://www.isere.fr https://isere.fr https://www.isere.fr;37500
1002;Vedettesilesdor.fr;http://vedettesilesdor.fr http://www.vedettesilesdor.fr https://vedettesilesdor.fr https://www.vedettesilesdor.fr;
1004;Mercure.com;http://mercure.com http://www.mercure.com https://mercure.com https://www.mercure.com;
1005;Ibis.com;http://ibis.com http://www.ibis.com https://ibis.com https://www.ibis.com;
1006;Larchedeporquerolles.com;http://larchedeporquerolles.com http://www.larchedeporquerolles.com https://larchedeporquerolles.com https://www.larchedeporquerolles.com;83400
1007;Sainteanne.com;http://sainteanne.com http://www.sainteanne.com https://sainteanne.com https://www.sainteanne.com;83400
1009;Accorhotels.com;http://accorhotels.com http://www.accorhotels.com https://accorhotels.com https://www.accorhotels.com;
1010;Auberge-Glycines.com;http://auberge-glycines.com http://www.auberge-glycines.com https://auberge-glycines.com https://www.auberge-glycines.com;06360
1011;Hotel-Les-Medes.fr;http://hotel-les-medes.fr http://www.hotel-les-medes.fr https://hotel-les-medes.fr https://www.hotel-les-medes.fr;
1012;Labrisemarine.net;http://labrisemarine.net http://www.labrisemarine.net https://labrisemarine.net https://www.labrisemarine.net;83400
1013;Bestwestern.fr;http://bestwestern.fr http://www.bestwestern.fr https://bestwestern.fr https://www.bestwestern.fr;
1014;Hotel-Almanarreplage.com;http://hotel-almanarreplage.com http://www.hotel-almanarreplage.com https://hotel-almanarreplage.com https://www.hotel-almanarreplage.com;83400
1015;Domainedelamer.com;http://domainedelamer.com http://www.domainedelamer.com https://domainedelamer.com https://www.domainedelamer.com;83400
1016;Parc.fr;http://parc.fr http://www.parc.fr https://parc.fr https://www.parc.fr;83400
1017;Hotel-Orangers.fr;http://hotel-orangers.fr http://www.hotel-orangers.fr https://hotel-orangers.fr https://www.hotel-orangers.fr;
1018;Langoustier.com;http://langoustier.com http://www.langoustier.com https://langoustier.com https://www.langoustier.com;
1019;Lapotiniere83.com;http://lapotiniere83.com http://www.lapotiniere83.com https://lapotiniere83.com https://www.lapotiniere83.com;83400
1020;Lido-Beach.com;http://lido-beach.com http://www.lido-beach.com https://lido-beach.com https://www.lido-beach.com;83400
1021;Logishotels.com;http://logishotels.com http://www.logishotels.com https://logishotels.com https://www.logishotels.com;
1022;Hotelcasinohyeres.com;http://hotelcasinohyeres.com http://www.hotelcasinohyeres.com https://hotelcasinohyeres.com https://www.hotelcasinohyeres.com;83400
1023;Hotel-Bb.com;http://hotel-bb.com http://www.hotel-bb.com https://hotel-bb.com https://www.hotel-bb.com;
1031;Hostellerie-Provencale.com;http://hostellerie-provencale.com http://www.hostellerie-provencale.com https://hostellerie-provencale.com https://www.hostellerie-provencale.com;
1032;Lesombrelles.com;http://lesombrelles.com http://www.lesombrelles.com https://lesombrelles.com https://www.lesombrelles.com;
1033;Hotel-Du-Soleil.fr;http://hotel-du-soleil.fr http://www.hotel-du-soleil.fr https://hotel-du-soleil.fr https://www.hotel-du-soleil.fr;83400
1034;Oustaou.com;http://oustaou.com http://www.oustaou.com https://oustaou.com https://www.oustaou.com;
1035;Hotelcalypso.fr;http://hotelcalypso.fr http://www.hotelcalypso.fr https://hotelcalypso.fr https://www.hotelcalypso.fr;83400
1036;Hotel-Lemanoirportcros.com;http://hotel-lemanoirportcros.com http://www.hotel-lemanoirportcros.com https://hotel-lemanoirportcros.com https://www.hotel-lemanoirportcros.com;
1037;Lelodgedesilesdor.com;http://lelodgedesilesdor.com http://www.lelodgedesilesdor.com https://lelodgedesilesdor.com https://www.lelodgedesilesdor.com;
1038;Lareinejane.fr;http://lareinejane.fr http://www.lareinejane.fr https://lareinejane.fr https://www.lareinejane.fr;83400
1039;Hotelgaetan.com;http://hotelgaetan.com http://www.hotelgaetan.com https://hotelgaetan.com https://www.hotelgaetan.com;
1040;Auporquerollais.com;http://auporquerollais.com http://www.auporquerollais.com https://auporquerollais.com https://www.auporquerollais.com;83400
1041;Labastide-Hyeres.com;http://labastide-hyeres.com http://www.labastide-hyeres.com https://labastide-hyeres.com https://www.labastide-hyeres.com;83400
1042;Hotelmed.info;http://hotelmed.info http://www.hotelmed.info https://hotelmed.info https://www.hotelmed.info;
1043;Hotel-Bor.com;http://hotel-bor.com http://www.hotel-bor.com https://hotel-bor.com https://www.hotel-bor.com;83400
1044;Lerocherdusecret.com;http://lerocherdusecret.com http://www.lerocherdusecret.com https://lerocherdusecret.com https://www.lerocherdusecret.com;83400
1055;Arpe-Paca.org;http://arpe-paca.org http://www.arpe-paca.org https://arpe-paca.org https://www.arpe-paca.org;
1090;Jazzaporquerolles.org;http://jazzaporquerolles.org http://www.jazzaporquerolles.org https://jazzaporquerolles.org https://www.jazzaporquerolles.org;
1101;Galaxy-Reservation.fr;http://galaxy-reservation.fr http://www.galaxy-reservation.fr https://galaxy-reservation.fr https://www.galaxy-reservation.fr;34300
1124;Guillestrois.com;http://guillestrois.com http://www.guillestrois.com https://guillestrois.com https://www.guillestrois.com;
1152;Foretpriveefrancaise.com;http://foretpriveefrancaise.com http://www.foretpriveefrancaise.com https://foretpriveefrancaise.com https://www.foretpriveefrancaise.com;
1171;Iledulevant.com.fr;http://iledulevant.com.fr http://www.iledulevant.com.fr https://iledulevant.com.fr https://www.iledulevant.com.fr;
1230;Ign.fr;http://ign.fr http://www.ign.fr https://ign.fr https://www.ign.fr;
1234;Pizza-Porquerolles.fr;http://pizza-porquerolles.fr http://www.pizza-porquerolles.fr https://pizza-porquerolles.fr https://www.pizza-porquerolles.fr;
1235;Ilpescatore-Porquerolles.fr;http://ilpescatore-porquerolles.fr http://www.ilpescatore-porquerolles.fr https://ilpescatore-porquerolles.fr https://www.ilpescatore-porquerolles.fr;
1241;Natura2000.fr;http://natura2000.fr http://www.natura2000.fr https://natura2000.fr https://www.natura2000.fr;
1246;Labelleplace.fr;http://labelleplace.fr http://www.labelleplace.fr https://labelleplace.fr https://www.labelleplace.fr;
1247;Lesanglades.com;http://lesanglades.com http://www.lesanglades.com https://lesanglades.com https://www.lesanglades.com;
1248;Anas.asso.fr;http://anas.asso.fr http://www.anas.asso.fr https://anas.asso.fr https://www.anas.asso.fr;
1249;Lamagnanerie.eu;http://lamagnanerie.eu http://www.lamagnanerie.eu https://lamagnanerie.eu https://www.lamagnanerie.eu;83400
1251;Airvertical.fr;http://airvertical.fr http://www.airvertical.fr https://airvertical.fr https://www.airvertical.fr;83400
1266;Gap-Tourisme.fr;http://gap-tourisme.fr http://www.gap-tourisme.fr https://gap-tourisme.fr https://www.gap-tourisme.fr;
1281;Poteriedelabergerie.fr;http://poteriedelabergerie.fr http://www.poteriedelabergerie.fr https://poteriedelabergerie.fr https://www.poteriedelabergerie.fr;83400
1282;Sellerie-Nautique-Var-83.com;http://sellerie-nautique-var-83.com http://www.sellerie-nautique-var-83.com https://sellerie-nautique-var-83.com https://www.sellerie-nautique-var-83.com;83400
1283;Helenedoustaly.com;http://helenedoustaly.com http://www.helenedoustaly.com https://helenedoustaly.com https://www.helenedoustaly.com;
1284;Galerie-Massillon.fr;http://galerie-massillon.fr http://www.galerie-massillon.fr https://galerie-massillon.fr https://www.galerie-massillon.fr;
1285;Jessicadrouin.com;http://jessicadrouin.com http://www.jessicadrouin.com https://jessicadrouin.com https://www.jessicadrouin.com;83400
1293;Serre-Chevalier.com;http://serre-chevalier.com http://www.serre-chevalier.com https://serre-chevalier.com https://www.serre-chevalier.com;
1297;Bourgdoisans.com;http://bourgdoisans.com http://www.bourgdoisans.com https://bourgdoisans.com https://www.bourgdoisans.com;
1301;Chaillol.fr;http://chaillol.fr http://www.chaillol.fr https://chaillol.fr https://www.chaillol.fr;
1303;Orcieres.com;http://orcieres.com http://www.orcieres.com https://orcieres.com https://www.orcieres.com;
1307;Venosc.com;http://venosc.com http://www.venosc.com https://venosc.com https://www.venosc.com;38520
1308;Les2Alpes.com;http://les2alpes.com http://www.les2alpes.com https://les2alpes.com https://www.les2alpes.com;
1312;Isere-Tourisme.com;http://isere-tourisme.com http://www.isere-tourisme.com https://isere-tourisme.com https://www.isere-tourisme.com;
1321;Sylvieadaoust.com;http://sylvieadaoust.com http://www.sylvieadaoust.com https://sylvieadaoust.com https://www.sylvieadaoust.com;
1322;Metiersdart-Paca.fr;http://metiersdart-paca.fr http://www.metiersdart-paca.fr https://metiersdart-paca.fr https://www.metiersdart-paca.fr;
1323;Lespritvitrail.com;http://lespritvitrail.com http://www.lespritvitrail.com https://lespritvitrail.com https://www.lespritvitrail.com;83400
1324;Elisabethserregalerie.com;http://elisabethserregalerie.com http://www.elisabethserregalerie.com https://elisabethserregalerie.com https://www.elisabethserregalerie.com;
1332;Upcgiens.com;http://upcgiens.com http://www.upcgiens.com https://upcgiens.com https://www.upcgiens.com;83400
1379;Bateliersdelacotedazur.com;http://bateliersdelacotedazur.com http://www.bateliersdelacotedazur.com https://bateliersdelacotedazur.com https://www.bateliersdelacotedazur.com;83500
1392;Diplomatie.gouv.fr;http://diplomatie.gouv.fr http://www.diplomatie.gouv.fr https://diplomatie.gouv.fr https://www.diplomatie.gouv.fr;
1406;Horaires-Douverture.fr;http://horaires-douverture.fr http://www.horaires-douverture.fr https://horaires-douverture.fr https://www.horaires-douverture.fr;
1582;Ingenie.fr;http://ingenie.fr http://www.ingenie.fr https://ingenie.fr https://www.ingenie.fr;
37;Hyeres-Tourisme.com;http://hyeres-tourisme.com http://www.hyeres-tourisme.com https://hyeres-tourisme.com https://www.hyeres-tourisme.com;83400
39;Hyeres.fr;http://hyeres.fr http://www.hyeres.fr https://hyeres.fr https://www.hyeres.fr;
1622;Ville-Lagarde.fr;http://ville-lagarde.fr http://www.ville-lagarde.fr https://ville-lagarde.fr https://www.ville-lagarde.fr;83130
1627;Grandsitedefrance.com;http://grandsitedefrance.com http://www.grandsitedefrance.com https://grandsitedefrance.com https://www.grandsitedefrance.com;75006
1628;Weekend-Provence.fr;http://weekend-provence.fr http://www.weekend-provence.fr https://weekend-provence.fr https://www.weekend-provence.fr;
1639;Savoie-Mont-Blanc.com;http://savoie-mont-blanc.com http://www.savoie-mont-blanc.com https://savoie-mont-blanc.com https://www.savoie-mont-blanc.com;
1661;Toulon.fr;http://toulon.fr http://www.toulon.fr https://toulon.fr https://www.toulon.fr;83000
1670;Francevelotourisme.com;http://francevelotourisme.com http://www.francevelotourisme.com https://francevelotourisme.com https://www.francevelotourisme.com;
1695;Parcs-Naturels-Regionaux.fr;http://parcs-naturels-regionaux.fr http://www.parcs-naturels-regionaux.fr https://parcs-naturels-regionaux.fr https://www.parcs-naturels-regionaux.fr;75018
1725;Hyeres-Photos.com;http://hyeres-photos.com http://www.hyeres-photos.com https://hyeres-photos.com https://www.hyeres-photos.com;
1736;Porquerolles.com;http://porquerolles.com http://www.porquerolles.com https://porquerolles.com https://www.porquerolles.com;83400
1737;Atelierdesabine.com;http://atelierdesabine.com http://www.atelierdesabine.com https://atelierdesabine.com https://www.atelierdesabine.com;
1738;Porquerolles-Immobilier.fr;http://porquerolles-immobilier.fr http://www.porquerolles-immobilier.fr https://porquerolles-immobilier.fr https://www.porquerolles-immobilier.fr;
1739;Ports-Tpm.fr;http://ports-tpm.fr http://www.ports-tpm.fr https://ports-tpm.fr https://www.ports-tpm.fr;
1741;Porquerollesmarineservices.fr;http://porquerollesmarineservices.fr http://www.porquerollesmarineservices.fr https://porquerollesmarineservices.fr https://www.porquerollesmarineservices.fr;
1758;Funboardcenter.com;http://funboardcenter.com http://www.funboardcenter.com https://funboardcenter.com https://www.funboardcenter.com;83400
1766;Bouisse-Matteri.fr;http://bouisse-matteri.fr http://www.bouisse-matteri.fr https://bouisse-matteri.fr https://www.bouisse-matteri.fr;83400
1768;Giens.com;http://giens.com http://www.giens.com https://giens.com https://www.giens.com;83400
1771;Mauvanne.com;http://mauvanne.com http://www.mauvanne.com https://mauvanne.com https://www.mauvanne.com;83400
1773;Domainedelatuilerie.fr;http://domainedelatuilerie.fr http://www.domainedelatuilerie.fr https://domainedelatuilerie.fr https://www.domainedelatuilerie.fr;83400
1802;Hexavoile.com;http://hexavoile.com http://www.hexavoile.com https://hexavoile.com https://www.hexavoile.com;83400
1818;Lindien-Location-Velo.fr;http://lindien-location-velo.fr http://www.lindien-location-velo.fr https://lindien-location-velo.fr https://www.lindien-location-velo.fr;83400
1888;Carqueiranne.fr;http://carqueiranne.fr http://www.carqueiranne.fr https://carqueiranne.fr https://www.carqueiranne.fr;
1892;Lapetiteflottille.com;http://lapetiteflottille.com http://www.lapetiteflottille.com https://lapetiteflottille.com https://www.lapetiteflottille.com;83400
1908;Portshyeres.fr;http://portshyeres.fr http://www.portshyeres.fr https://portshyeres.fr https://www.portshyeres.fr;83400
1924;Tourvoile.fr;http://tourvoile.fr http://www.tourvoile.fr https://tourvoile.fr https://www.tourvoile.fr;
1946;Flyboard-Hyeres.com;http://flyboard-hyeres.com http://www.flyboard-hyeres.com https://flyboard-hyeres.com https://www.flyboard-hyeres.com;83400
2002;Apgiens.com;http://apgiens.com http://www.apgiens.com https://apgiens.com https://www.apgiens.com;83400
2055;Lescapadeenmer.com;http://lescapadeenmer.com http://www.lescapadeenmer.com https://lescapadeenmer.com https://www.lescapadeenmer.com;
2070;Oliveraie-Astouret.fr;http://oliveraie-astouret.fr http://www.oliveraie-astouret.fr https://oliveraie-astouret.fr https://www.oliveraie-astouret.fr;
2072;Mesomax.fr;http://mesomax.fr http://www.mesomax.fr https://mesomax.fr https://www.mesomax.fr;83320
2073;Lasagnerie.fr;http://lasagnerie.fr http://www.lasagnerie.fr https://lasagnerie.fr https://www.lasagnerie.fr;
2074;Alycastre.com;http://alycastre.com http://www.alycastre.com https://alycastre.com https://www.alycastre.com;
2076;Ilesdorevasion.com;http://ilesdorevasion.com http://www.ilesdorevasion.com https://ilesdorevasion.com https://www.ilesdorevasion.com;
2077;Brigantin.fr;http://brigantin.fr http://www.brigantin.fr https://brigantin.fr https://www.brigantin.fr;83400
2078;Catamaran-Var.com;http://catamaran-var.com http://www.catamaran-var.com https://catamaran-var.com https://www.catamaran-var.com;83400
2079;Riding-Watt.com;http://riding-watt.com http://www.riding-watt.com https://riding-watt.com https://www.riding-watt.com;
2089;Observation-Cetaces.fr;http://observation-cetaces.fr http://www.observation-cetaces.fr https://observation-cetaces.fr https://www.observation-cetaces.fr;87500
2090;Verticalhorizon.fr;http://verticalhorizon.fr http://www.verticalhorizon.fr https://verticalhorizon.fr https://www.verticalhorizon.fr;
2104;Vice-Versa-Restaurant-Hyeres.com;http://vice-versa-restaurant-hyeres.com http://www.vice-versa-restaurant-hyeres.com https://vice-versa-restaurant-hyeres.com https://www.vice-versa-restaurant-hyeres.com;83400
2106;Tiloulocation.com;http://tiloulocation.com http://www.tiloulocation.com https://tiloulocation.com https://www.tiloulocation.com;83400
2132;Swellpassion-Surfshop.fr;http://swellpassion-surfshop.fr http://www.swellpassion-surfshop.fr https://swellpassion-surfshop.fr https://www.swellpassion-surfshop.fr;83400
2139;Accostagelocation.fr;http://accostagelocation.fr http://www.accostagelocation.fr https://accostagelocation.fr https://www.accostagelocation.fr;83400
2140;Kiteplus-Hyeres.com;http://kiteplus-hyeres.com http://www.kiteplus-hyeres.com https://kiteplus-hyeres.com https://www.kiteplus-hyeres.com;83320
2141;Mfkite.com;http://mfkite.com http://www.mfkite.com https://mfkite.com https://www.mfkite.com;
2143;Plancheexpresslocation.com;http://plancheexpresslocation.com http://www.plancheexpresslocation.com https://plancheexpresslocation.com https://www.plancheexpresslocation.com;83400
2144;Location-De-Catamaran.com;http://location-de-catamaran.com http://www.location-de-catamaran.com https://location-de-catamaran.com https://www.location-de-catamaran.com;83400
2145;Mistral-Marine.com;http://mistral-marine.com http://www.mistral-marine.com https://mistral-marine.com https://www.mistral-marine.com;
2158;Porquerolles.pro;http://porquerolles.pro http://www.porquerolles.pro https://porquerolles.pro https://www.porquerolles.pro;
2159;Latitudepeche.com;http://latitudepeche.com http://www.latitudepeche.com https://latitudepeche.com https://www.latitudepeche.com;
2160;Ideole.fr;http://ideole.fr http://www.ideole.fr https://ideole.fr https://www.ideole.fr;
2161;Kitesurf-Hyeres.com;http://kitesurf-hyeres.com http://www.kitesurf-hyeres.com https://kitesurf-hyeres.com https://www.kitesurf-hyeres.com;83400
2162;Kitesurfhyeres.com;http://kitesurfhyeres.com http://www.kitesurfhyeres.com https://kitesurfhyeres.com https://www.kitesurfhyeres.com;83111
2163;Kite-Hyeres.fr;http://kite-hyeres.fr http://www.kite-hyeres.fr https://kite-hyeres.fr https://www.kite-hyeres.fr;83260
2180;Secretrip.pro;http://secretrip.pro http://www.secretrip.pro https://secretrip.pro https://www.secretrip.pro;83400
2181;Reverloc.fr;http://reverloc.fr http://www.reverloc.fr https://reverloc.fr https://www.reverloc.fr;
2183;Sea-Ride.eu;http://sea-ride.eu http://www.sea-ride.eu https://sea-ride.eu https://www.sea-ride.eu;83220
2184;Sensation-Sailing.fr;http://sensation-sailing.fr http://www.sensation-sailing.fr https://sensation-sailing.fr https://www.sensation-sailing.fr;83400
2185;Levasionbleue.com;http://levasionbleue.com http://www.levasionbleue.com https://levasionbleue.com https://www.levasionbleue.com;83400
2211;Voileetvent.com;http://voileetvent.com http://www.voileetvent.com https://voileetvent.com https://www.voileetvent.com;
2212;Wanako-Location.fr;http://wanako-location.fr http://www.wanako-location.fr https://wanako-location.fr https://www.wanako-location.fr;83400
2213;Kifkite.fr;http://kifkite.fr http://www.kifkite.fr https://kifkite.fr https://www.kifkite.fr;
2214;Incentive-Jet.com;http://incentive-jet.com http://www.incentive-jet.com https://incentive-jet.com https://www.incentive-jet.com;
2221;Hobie-Shop.com;http://hobie-shop.com http://www.hobie-shop.com https://hobie-shop.com https://www.hobie-shop.com;
2222;Fil-Etrave.com;http://fil-etrave.com http://www.fil-etrave.com https://fil-etrave.com https://www.fil-etrave.com;83400
2223;Aventuresporquerolles.com;http://aventuresporquerolles.com http://www.aventuresporquerolles.com https://aventuresporquerolles.com https://www.aventuresporquerolles.com;
2224;Audemar.com;http://audemar.com http://www.audemar.com https://audemar.com https://www.audemar.com;83000
2225;Welcomesurfhyeres.com;http://welcomesurfhyeres.com http://www.welcomesurfhyeres.com https://welcomesurfhyeres.com https://www.welcomesurfhyeres.com;83400
2226;Aquaboat83.com;http://aquaboat83.com http://www.aquaboat83.com https://aquaboat83.com https://www.aquaboat83.com;83400
2229;Porquerolles-Yachting.com;http://porquerolles-yachting.com http://www.porquerolles-yachting.com https://porquerolles-yachting.com https://www.porquerolles-yachting.com;
2230;Iceberg-Jet.com;http://iceberg-jet.com http://www.iceberg-jet.com https://iceberg-jet.com https://www.iceberg-jet.com;
2231;Les3Iles.com;http://les3iles.com http://www.les3iles.com https://les3iles.com https://www.les3iles.com;
2342;Booking.com;http://booking.com http://www.booking.com https://booking.com https://www.booking.com;
2348;Vacanciel.com;http://vacanciel.com http://www.vacanciel.com https://vacanciel.com https://www.vacanciel.com;
2349;Regard-Sur-Mer.com;http://regard-sur-mer.com http://www.regard-sur-mer.com https://regard-sur-mer.com https://www.regard-sur-mer.com;
2350;S-Lux.net;http://s-lux.net http://www.s-lux.net https://s-lux.net https://www.s-lux.net;
2351;Ilcasale.fr;http://ilcasale.fr http://www.ilcasale.fr https://ilcasale.fr https://www.ilcasale.fr;
2352;Resto-Plage-Laventure.fr;http://resto-plage-laventure.fr http://www.resto-plage-laventure.fr https://resto-plage-laventure.fr https://www.resto-plage-laventure.fr;
2354;Bowlingprovence.com;http://bowlingprovence.com http://www.bowlingprovence.com https://bowlingprovence.com https://www.bowlingprovence.com;
2361;Homelidays.com;http://homelidays.com http://www.homelidays.com https://homelidays.com https://www.homelidays.com;
2362;Ledongiovanni.com;http://ledongiovanni.com http://www.ledongiovanni.com https://ledongiovanni.com https://www.ledongiovanni.com;
2363;Camping-Beauveze.com;http://camping-beauveze.com http://www.camping-beauveze.com https://camping-beauveze.com https://www.camping-beauveze.com;83320
2365;Gr2013.fr;http://gr2013.fr http://www.gr2013.fr https://gr2013.fr https://www.gr2013.fr;
2366;Hotel-Brise-Marine.com;http://hotel-brise-marine.com http://www.hotel-brise-marine.com https://hotel-brise-marine.com https://www.hotel-brise-marine.com;83320
2373;Faymburger.com;http://faymburger.com http://www.faymburger.com https://faymburger.com https://www.faymburger.com;
2374;Maisondessaveurs.fr;http://maisondessaveurs.fr http://www.maisondessaveurs.fr https://maisondessaveurs.fr https://www.maisondessaveurs.fr;83320
2375;Pizzatomic.fr;http://pizzatomic.fr http://www.pizzatomic.fr https://pizzatomic.fr https://www.pizzatomic.fr;10000
2376;La-Saga.fr;http://la-saga.fr http://www.la-saga.fr https://la-saga.fr https://www.la-saga.fr;83320
2377;Lepubcarqueiranne.fr;http://lepubcarqueiranne.fr http://www.lepubcarqueiranne.fr https://lepubcarqueiranne.fr https://www.lepubcarqueiranne.fr;83320
2378;Flamingocarqueiranne.com;http://flamingocarqueiranne.com http://www.flamingocarqueiranne.com https://flamingocarqueiranne.com https://www.flamingocarqueiranne.com;83320
2379;Loupetoulet.eu;http://loupetoulet.eu http://www.loupetoulet.eu https://loupetoulet.eu https://www.loupetoulet.eu;83320
2380;Le-Cabrol.com;http://le-cabrol.com http://www.le-cabrol.com https://le-cabrol.com https://www.le-cabrol.com;83320
2381;Lacaseasausse.fr;http://lacaseasausse.fr http://www.lacaseasausse.fr https://lacaseasausse.fr https://www.lacaseasausse.fr;
2382;E-Sushi83.com;http://e-sushi83.com http://www.e-sushi83.com https://e-sushi83.com https://www.e-sushi83.com;83320
2383;Gite-Rural-Hyeres.com;http://gite-rural-hyeres.com http://www.gite-rural-hyeres.com https://gite-rural-hyeres.com https://www.gite-rural-hyeres.com;83320
2384;Valdazur.com;http://valdazur.com http://www.valdazur.com https://valdazur.com https://www.valdazur.com;83320
2385;L-Et-V.com;http://l-et-v.com http://www.l-et-v.com https://l-et-v.com https://www.l-et-v.com;
2386;Hotelrichiardi.com;http://hotelrichiardi.com http://www.hotelrichiardi.com https://hotelrichiardi.com https://www.hotelrichiardi.com;
2387;Chambresbellevue.com;http://chambresbellevue.com http://www.chambresbellevue.com https://chambresbellevue.com https://www.chambresbellevue.com;83320
2406;Faym-Food.com;http://faym-food.com http://www.faym-food.com https://faym-food.com https://www.faym-food.com;
34;Apidae-Tourisme.com;http://apidae-tourisme.com http://www.apidae-tourisme.com https://apidae-tourisme.com https://www.apidae-tourisme.com;23800
89;Developpement-Durable.gouv.fr;http://developpement-durable.gouv.fr http://www.developpement-durable.gouv.fr https://developpement-durable.gouv.fr https://www.developpement-durable.gouv.fr;
184;Tourismeprovencemediterranee.com;http://tourismeprovencemediterranee.com http://www.tourismeprovencemediterranee.com https://tourismeprovencemediterranee.com https://www.tourismeprovencemediterranee.com;
199;standuppaddlestation.Over-Blog.com;http://standuppaddlestation.over-blog.com http://www.standuppaddlestation.over-blog.com https://standuppaddlestation.over-blog.com https://www.standuppaddlestation.over-blog.com;
344;Golfe-Saint-Tropez-Information.com;http://golfe-saint-tropez-information.com http://www.golfe-saint-tropez-information.com https://golfe-saint-tropez-information.com https://www.golfe-saint-tropez-information.com;83580
367;La-Draille-Hyeroise.blogspot.fr;http://la-draille-hyeroise.blogspot.fr http://www.la-draille-hyeroise.blogspot.fr https://la-draille-hyeroise.blogspot.fr https://www.la-draille-hyeroise.blogspot.fr;
597;Location-Vacances-Porquerolles.com;http://location-vacances-porquerolles.com http://www.location-vacances-porquerolles.com https://location-vacances-porquerolles.com https://www.location-vacances-porquerolles.com;83400
922;Triathlonoriginaldeporquerolles.fr;http://triathlonoriginaldeporquerolles.fr http://www.triathlonoriginaldeporquerolles.fr https://triathlonoriginaldeporquerolles.fr https://www.triathlonoriginaldeporquerolles.fr;
1546;Moulinesquirol-Oliveraie.com;http://moulinesquirol-oliveraie.com http://www.moulinesquirol-oliveraie.com https://moulinesquirol-oliveraie.com https://www.moulinesquirol-oliveraie.com;
2215;Plaisance-Location-Bateau-Hyeres.com;http://plaisance-location-bateau-hyeres.com http://www.plaisance-location-bateau-hyeres.com https://plaisance-location-bateau-hyeres.com https://www.plaisance-location-bateau-hyeres.com;83400
2413;Pifh.fr;http://pifh.fr http://www.pifh.fr https://pifh.fr https://www.pifh.fr;
2414;Bdflore05.org;http://bdflore05.org http://www.bdflore05.org https://bdflore05.org https://www.bdflore05.org;
2424;Lesbarbouzes.com;http://lesbarbouzes.com http://www.lesbarbouzes.com https://lesbarbouzes.com https://www.lesbarbouzes.com;83400
2425;Lemediterranee-Hyeres.fr;http://lemediterranee-hyeres.fr http://www.lemediterranee-hyeres.fr https://lemediterranee-hyeres.fr https://www.lemediterranee-hyeres.fr;
2433;Gites-De-France.com;http://gites-de-france.com http://www.gites-de-france.com https://gites-de-france.com https://www.gites-de-france.com;70000
2434;Wallgreen.com;http://wallgreen.com http://www.wallgreen.com https://wallgreen.com https://www.wallgreen.com;10000
2436;Kyriad.fr;http://kyriad.fr http://www.kyriad.fr https://kyriad.fr https://www.kyriad.fr;20000
2449;Gravityspace83.com;http://gravityspace83.com http://www.gravityspace83.com https://gravityspace83.com https://www.gravityspace83.com;83500
2475;Residenceatlantis.fr;http://residenceatlantis.fr http://www.residenceatlantis.fr https://residenceatlantis.fr https://www.residenceatlantis.fr;
2476;Lesurplage.com;http://lesurplage.com http://www.lesurplage.com https://lesurplage.com https://www.lesurplage.com;83400
2477;Lapinedebleue.com;http://lapinedebleue.com http://www.lapinedebleue.com https://lapinedebleue.com https://www.lapinedebleue.com;83400
2478;Lapinede-Iledulevant.com;http://lapinede-iledulevant.com http://www.lapinede-iledulevant.com https://lapinede-iledulevant.com https://www.lapinede-iledulevant.com;
2479;Residencemeretvacances.com;http://residencemeretvacances.com http://www.residencemeretvacances.com https://residencemeretvacances.com https://www.residencemeretvacances.com;83400
2480;Les-Sables-Dor.fr;http://les-sables-dor.fr http://www.les-sables-dor.fr https://les-sables-dor.fr https://www.les-sables-dor.fr;83400
2481;Pierreetvacances.com;http://pierreetvacances.com http://www.pierreetvacances.com https://pierreetvacances.com https://www.pierreetvacances.com;
2482;Villaeglantine.com;http://villaeglantine.com http://www.villaeglantine.com https://villaeglantine.com https://www.villaeglantine.com;83400
2483;Lesilesdordulevant.fr;http://lesilesdordulevant.fr http://www.lesilesdordulevant.fr https://lesilesdordulevant.fr https://www.lesilesdordulevant.fr;
2485;Villamariejeanne.fr;http://villamariejeanne.fr http://www.villamariejeanne.fr https://villamariejeanne.fr https://www.villamariejeanne.fr;83400
2486;Les-Stoechades.com;http://les-stoechades.com http://www.les-stoechades.com https://les-stoechades.com https://www.les-stoechades.com;83400
2487;Residence-Plein-Soleil.com;http://residence-plein-soleil.com http://www.residence-plein-soleil.com https://residence-plein-soleil.com https://www.residence-plein-soleil.com;
2489;Anae.asso.fr;http://anae.asso.fr http://www.anae.asso.fr https://anae.asso.fr https://www.anae.asso.fr;69007
2492;Ffe.com;http://ffe.com http://www.ffe.com https://ffe.com https://www.ffe.com;
2493;Varlocationsvacances.com;http://varlocationsvacances.com http://www.varlocationsvacances.com https://varlocationsvacances.com https://www.varlocationsvacances.com;
2495;Labaratonne.com;http://labaratonne.com http://www.labaratonne.com https://labaratonne.com https://www.labaratonne.com;83130
2496;Golf-Valgarde.com;http://golf-valgarde.com http://www.golf-valgarde.com https://golf-valgarde.com https://www.golf-valgarde.com;
2567;Lemaraisplage.fr;http://lemaraisplage.fr http://www.lemaraisplage.fr https://lemaraisplage.fr https://www.lemaraisplage.fr;
2568;Lepeople.fr;http://lepeople.fr http://www.lepeople.fr https://lepeople.fr https://www.lepeople.fr;
2569;Lakantocheakoko.com;http://lakantocheakoko.com http://www.lakantocheakoko.com https://lakantocheakoko.com https://www.lakantocheakoko.com;83400
2578;Pizzalevenezia.fr;http://pizzalevenezia.fr http://www.pizzalevenezia.fr https://pizzalevenezia.fr https://www.pizzalevenezia.fr;83400
2580;Restaurantlacolombe.com;http://restaurantlacolombe.com http://www.restaurantlacolombe.com https://restaurantlacolombe.com https://www.restaurantlacolombe.com;83400
2581;Restaurant-La-Jeannette.com;http://restaurant-la-jeannette.com http://www.restaurant-la-jeannette.com https://restaurant-la-jeannette.com https://www.restaurant-la-jeannette.com;83400
2582;Lataverne-Royale.com;http://lataverne-royale.com http://www.lataverne-royale.com https://lataverne-royale.com https://www.lataverne-royale.com;83400
2592;Restaurantlafregate.fr;http://restaurantlafregate.fr http://www.restaurantlafregate.fr https://restaurantlafregate.fr https://www.restaurantlafregate.fr;
2593;Mojitocafe.fr;http://mojitocafe.fr http://www.mojitocafe.fr https://mojitocafe.fr https://www.mojitocafe.fr;83400
2613;Pizza-Lacapte.fr;http://pizza-lacapte.fr http://www.pizza-lacapte.fr https://pizza-lacapte.fr https://www.pizza-lacapte.fr;83400
2614;Restaurantlepoissonrouge.fr;http://restaurantlepoissonrouge.fr http://www.restaurantlepoissonrouge.fr https://restaurantlepoissonrouge.fr https://www.restaurantlepoissonrouge.fr;83400
2615;Tonyburger.net;http://tonyburger.net http://www.tonyburger.net https://tonyburger.net https://www.tonyburger.net;
2616;Lendroithyeres.com;http://lendroithyeres.com http://www.lendroithyeres.com https://lendroithyeres.com https://www.lendroithyeres.com;83400
2671;Restaurantlesolarium.fr;http://restaurantlesolarium.fr http://www.restaurantlesolarium.fr https://restaurantlesolarium.fr https://www.restaurantlesolarium.fr;83400
2682;Sfthai.fr;http://sfthai.fr http://www.sfthai.fr https://sfthai.fr https://www.sfthai.fr;
2683;Restaurant-Pizzeria-Hyeres.com;http://restaurant-pizzeria-hyeres.com http://www.restaurant-pizzeria-hyeres.com https://restaurant-pizzeria-hyeres.com https://www.restaurant-pizzeria-hyeres.com;83400
2684;Tirebouchon.club;http://tirebouchon.club http://www.tirebouchon.club https://tirebouchon.club https://www.tirebouchon.club;83400
2685;Ansedeportcros.com;http://ansedeportcros.com http://www.ansedeportcros.com https://ansedeportcros.com https://www.ansedeportcros.com;
2726;Brasserie-Des-Iles.com;http://brasserie-des-iles.com http://www.brasserie-des-iles.com https://brasserie-des-iles.com https://www.brasserie-des-iles.com;83400
2730;Lequaihyeres.com;http://lequaihyeres.com http://www.lequaihyeres.com https://lequaihyeres.com https://www.lequaihyeres.com;83400
2731;Planb-Hyeres.com;http://planb-hyeres.com http://www.planb-hyeres.com https://planb-hyeres.com https://www.planb-hyeres.com;83400
2762;Bateauxverts.com;http://bateauxverts.com http://www.bateauxverts.com https://bateauxverts.com https://www.bateauxverts.com;
2763;Lesbateliersdelarade.com;http://lesbateliersdelarade.com http://www.lesbateliersdelarade.com https://lesbateliersdelarade.com https://www.lesbateliersdelarade.com;83000
2764;Latitudeverte.fr;http://latitudeverte.fr http://www.latitudeverte.fr https://latitudeverte.fr https://www.latitudeverte.fr;06510
2765;Atlantide1.com;http://atlantide1.com http://www.atlantide1.com https://atlantide1.com https://www.atlantide1.com;83150
2766;Bateauxsaintraphael.com;http://bateauxsaintraphael.com http://www.bateauxsaintraphael.com https://bateauxsaintraphael.com https://www.bateauxsaintraphael.com;
2767;Croixdusud5.com;http://croixdusud5.com http://www.croixdusud5.com https://croixdusud5.com https://www.croixdusud5.com;83110
2768;Naturiste.com;http://naturiste.com http://www.naturiste.com https://naturiste.com https://www.naturiste.com;83400
2770;Gitedupagoulin.fr;http://gitedupagoulin.fr http://www.gitedupagoulin.fr https://gitedupagoulin.fr https://www.gitedupagoulin.fr;83400
2771;Lecube-Hyeres.com;http://lecube-hyeres.com http://www.lecube-hyeres.com https://lecube-hyeres.com https://www.lecube-hyeres.com;
2775;Chambres-Stellamaris.com;http://chambres-stellamaris.com http://www.chambres-stellamaris.com https://chambres-stellamaris.com https://www.chambres-stellamaris.com;
2776;Aufrene.com;http://aufrene.com http://www.aufrene.com https://aufrene.com https://www.aufrene.com;83400
2868;Lepavillondespivoines-Chambredhotes.com;http://lepavillondespivoines-chambredhotes.com http://www.lepavillondespivoines-chambredhotes.com https://lepavillondespivoines-chambredhotes.com https://www.lepavillondespivoines-chambredhotes.com;
2943;Lespechers.com;http://lespechers.com http://www.lespechers.com https://lespechers.com https://www.lespechers.com;
2952;Lesphotosdesarah.com;http://lesphotosdesarah.com http://www.lesphotosdesarah.com https://lesphotosdesarah.com https://www.lesphotosdesarah.com;
2957;Misseswanderlust.com;http://misseswanderlust.com http://www.misseswanderlust.com https://misseswanderlust.com https://www.misseswanderlust.com;
3466;Parc-Chartreuse.net;http://parc-chartreuse.net http://www.parc-chartreuse.net https://parc-chartreuse.net https://www.parc-chartreuse.net;38380
3564;Camping-Les-Joseph.fr;http://camping-les-joseph.fr http://www.camping-les-joseph.fr https://camping-les-joseph.fr https://www.camping-les-joseph.fr;
3565;Ceinturon3.fr;http://ceinturon3.fr http://www.ceinturon3.fr https://ceinturon3.fr https://www.ceinturon3.fr;
3566;International-Giens.com;http://international-giens.com http://www.international-giens.com https://international-giens.com https://www.international-giens.com;83400
3567;Lespeuplierscamping.fr;http://lespeuplierscamping.fr http://www.lespeuplierscamping.fr https://lespeuplierscamping.fr https://www.lespeuplierscamping.fr;83400
3568;Campingportpothuau.com;http://campingportpothuau.com http://www.campingportpothuau.com https://campingportpothuau.com https://www.campingportpothuau.com;83400
3569;Camping-Giens.com;http://camping-giens.com http://www.camping-giens.com https://camping-giens.com https://www.camping-giens.com;83400
3570;Campingclairdelune.fr;http://campingclairdelune.fr http://www.campingclairdelune.fr https://campingclairdelune.fr https://www.campingclairdelune.fr;83400
3571;Camping-Olbia.com;http://camping-olbia.com http://www.camping-olbia.com https://camping-olbia.com https://www.camping-olbia.com;
3572;Parc-Plage.com;http://parc-plage.com http://www.parc-plage.com https://parc-plage.com https://www.parc-plage.com;83400
3573;Camping-Les-Palmiers.fr;http://camping-les-palmiers.fr http://www.camping-les-palmiers.fr https://camping-les-palmiers.fr https://www.camping-les-palmiers.fr;83400
3574;Campingcapricorne.com;http://campingcapricorne.com http://www.campingcapricorne.com https://campingcapricorne.com https://www.campingcapricorne.com;83400
3575;Camping-Vert-Gapeau.com;http://camping-vert-gapeau.com http://www.camping-vert-gapeau.com https://camping-vert-gapeau.com https://www.camping-vert-gapeau.com;83400
3576;Campinglabergerieplage.com;http://campinglabergerieplage.com http://www.campinglabergerieplage.com https://campinglabergerieplage.com https://www.campinglabergerieplage.com;83400
3577;Camping-Latourfondue.com;http://camping-latourfondue.com http://www.camping-latourfondue.com https://camping-latourfondue.com https://www.camping-latourfondue.com;
3578;Camping-Lemed.fr;http://camping-lemed.fr http://www.camping-lemed.fr https://camping-lemed.fr https://www.camping-lemed.fr;83400
3580;Camping-Iles-D-Or.com;http://camping-iles-d-or.com http://www.camping-iles-d-or.com https://camping-iles-d-or.com https://www.camping-iles-d-or.com;83400
3581;Lespinsmaritimes.fr;http://lespinsmaritimes.fr http://www.lespinsmaritimes.fr https://lespinsmaritimes.fr https://www.lespinsmaritimes.fr;83400
3587;Capfun.com;http://capfun.com http://www.capfun.com https://capfun.com https://www.capfun.com;
3642;Mareesole.com;http://mareesole.com http://www.mareesole.com https://mareesole.com https://www.mareesole.com;
3656;Sigalous.com;http://sigalous.com http://www.sigalous.com https://sigalous.com https://www.sigalous.com;83260
3658;Aventurecheval.fr;http://aventurecheval.fr http://www.aventurecheval.fr https://aventurecheval.fr https://www.aventurecheval.fr;
3659;Mesclances.com;http://mesclances.com http://www.mesclances.com https://mesclances.com https://www.mesclances.com;83260
3660;Laruchequiditoui.fr;http://laruchequiditoui.fr http://www.laruchequiditoui.fr https://laruchequiditoui.fr https://www.laruchequiditoui.fr;
3661;Villedelacrau.fr;http://villedelacrau.fr http://www.villedelacrau.fr https://villedelacrau.fr https://www.villedelacrau.fr;
3662;Chateau-Castille.fr;http://chateau-castille.fr http://www.chateau-castille.fr https://chateau-castille.fr https://www.chateau-castille.fr;83210
3713;Domaine-Castille.fr;http://domaine-castille.fr http://www.domaine-castille.fr https://domaine-castille.fr https://www.domaine-castille.fr;83210
3738;Lepatiolacrau.fr;http://lepatiolacrau.fr http://www.lepatiolacrau.fr https://lepatiolacrau.fr https://www.lepatiolacrau.fr;92100
3927;Tourisme-Ouestvar.com;http://tourisme-ouestvar.com http://www.tourisme-ouestvar.com https://tourisme-ouestvar.com https://www.tourisme-ouestvar.com;
706;Location-Meublee-Hyeres.com;http://location-meublee-hyeres.com http://www.location-meublee-hyeres.com https://location-meublee-hyeres.com https://www.location-meublee-hyeres.com;
2347;lavillaclairfelie.Wordpress.com;http://lavillaclairfelie.wordpress.com http://www.lavillaclairfelie.wordpress.com https://lavillaclairfelie.wordpress.com https://www.lavillaclairfelie.wordpress.com;
2360;Chezlessoeursa-Carqueiranne.fr;http://chezlessoeursa-carqueiranne.fr http://www.chezlessoeursa-carqueiranne.fr https://chezlessoeursa-carqueiranne.fr https://www.chezlessoeursa-carqueiranne.fr;
2774;Chambres-Hotes-Giraglia.com;http://chambres-hotes-giraglia.com http://www.chambres-hotes-giraglia.com https://chambres-hotes-giraglia.com https://www.chambres-hotes-giraglia.com;83400
2942;Porquerolles-Chez-Yvette.com;http://porquerolles-chez-yvette.com http://www.porquerolles-chez-yvette.com https://porquerolles-chez-yvette.com https://www.porquerolles-chez-yvette.com;
2958;Residencelesmandariniers.com;http://residencelesmandariniers.com http://www.residencelesmandariniers.com https://residencelesmandariniers.com https://www.residencelesmandariniers.com;83400
2971;Azureor-Location-Vacances.com;http://azureor-location-vacances.com http://www.azureor-location-vacances.com https://azureor-location-vacances.com https://www.azureor-location-vacances.com;83400
3579;Campingsaintpierredeshorts.com;http://campingsaintpierredeshorts.com http://www.campingsaintpierredeshorts.com https://campingsaintpierredeshorts.com https://www.campingsaintpierredeshorts.com;
3582;Camping-Rose-Marie-Hyeres.fr;http://camping-rose-marie-hyeres.fr http://www.camping-rose-marie-hyeres.fr https://camping-rose-marie-hyeres.fr https://www.camping-rose-marie-hyeres.fr;83400
